﻿<?xml version="1.0"?>
<doc>
<assembly>
<name>
Sistema de controle de acesso de Promotores
</name>
</assembly>
<members>
<member name="T:Sistema_de_controle_de_acesso_de_Promotores.My.Resources.Resources">
<summary>
  Uma classe de recurso de tipo de alta segurança, para pesquisar cadeias de caracteres localizadas etc.
</summary>
</member>
<member name="P:Sistema_de_controle_de_acesso_de_Promotores.My.Resources.Resources.ResourceManager">
<summary>
  Retorna a instância de ResourceManager armazenada em cache usada por essa classe.
</summary>
</member>
<member name="P:Sistema_de_controle_de_acesso_de_Promotores.My.Resources.Resources.Culture">
<summary>
  Substitui a propriedade CurrentUICulture do thread atual para todas as
  pesquisas de recursos que usam essa classe de recurso de tipo de alta segurança.
</summary>
</member>
<member name="P:Sistema_de_controle_de_acesso_de_Promotores.My.Resources.Resources.icons8_close_window_48px">
<summary>
  Consulta um recurso localizado do tipo System.Drawing.Bitmap.
</summary>
</member>
<member name="P:Sistema_de_controle_de_acesso_de_Promotores.My.Resources.Resources.icons8_customer_50px_6">
<summary>
  Consulta um recurso localizado do tipo System.Drawing.Bitmap.
</summary>
</member>
<member name="P:Sistema_de_controle_de_acesso_de_Promotores.My.Resources.Resources.icons8_maximize_window_48px">
<summary>
  Consulta um recurso localizado do tipo System.Drawing.Bitmap.
</summary>
</member>
<member name="P:Sistema_de_controle_de_acesso_de_Promotores.My.Resources.Resources.icons8_minimize_window_48px_1">
<summary>
  Consulta um recurso localizado do tipo System.Drawing.Bitmap.
</summary>
</member>
<member name="P:Sistema_de_controle_de_acesso_de_Promotores.My.Resources.Resources.icons8_search_50px">
<summary>
  Consulta um recurso localizado do tipo System.Drawing.Bitmap.
</summary>
</member>
<member name="P:Sistema_de_controle_de_acesso_de_Promotores.My.Resources.Resources.logoprincesa">
<summary>
  Consulta um recurso localizado do tipo System.Drawing.Bitmap.
</summary>
</member>
</members>
</doc>
